{
  "files": [
    {
      "path": "./dist/css/adminlte.css",
      "maxSize": "122.3 kB"
    },
    {
      "path": "./dist/css/adminlte.min.css",
      "maxSize": "116.5 kB"
    },
    {
      "path": "./dist/css/alt/adminlte.components.css",
      "maxSize": "27.6 kB"
    },
    {
      "path": "./dist/css/alt/adminlte.components.min.css",
      "maxSize": "26.8 kB"
    },
    {
      "path": "./dist/css/alt/adminlte.core.css",
      "maxSize": "69.2 kB"
    },
    {
      "path": "./dist/css/alt/adminlte.core.min.css",
      "maxSize": "65.4 kB"
    },
    {
      "path": "./dist/css/alt/adminlte.extra-components.css",
      "maxSize": "4.6 kB"
    },
    {
      "path": "./dist/css/alt/adminlte.extra-components.min.css",
      "maxSize": "4.5 kB"
    },
    {
      "path": "./dist/css/alt/adminlte.light.css",
      "maxSize": "94 kB"
    },
    {
      "path": "./dist/css/alt/adminlte.light.min.css",
      "maxSize": "89 kB"
    },
    {
      "path": "./dist/css/alt/adminlte.pages.css",
      "maxSize": "3.5 kB"
    },
    {
      "path": "./dist/css/alt/adminlte.pages.min.css",
      "maxSize": "3.1 kB"
    },
    {
      "path": "./dist/css/alt/adminlte.plugins.css",
      "maxSize": "21.8 kB"
    },
    {
      "path": "./dist/css/alt/adminlte.plugins.min.css",
      "maxSize": "21.2 kB"
    },
    {
      "path": "./dist/js/adminlte.js",
      "maxSize": "15.7 kB"
    },
    {
      "path": "./dist/js/adminlte.min.js",
      "maxSize": "10.5 kB"
    }
  ]
}
